{"cameraMode":{"drawMode":0,"name":"Shaded","section":"Shading Mode"},"sceneLighting":true,"audioPlay":false,"sceneViewState":{"m_AlwaysRefresh":false,"showFog":true,"showSkybox":true,"showFlares":true,"showImageEffects":true,"showParticleSystems":true,"showVisualEffectGraphs":true,"m_FxEnabled":true},"in2DMode":false,"pivot":{"x":8.497231483459473,"y":1.4032881259918213,"z":-6.251298904418945},"rotation":{"x":0.015861347317695619,"y":0.7826987504959106,"z":-0.01996312476694584,"w":0.6218791604042053},"size":3.9318902492523195,"orthographic":false}